{
  "project_info": {
    "project_number": "799794360966",
    "firebase_url": "https://konkursowa-aplikacja.firebaseio.com",
    "project_id": "konkursowa-aplikacja",
    "storage_bucket": "konkursowa-aplikacja.appspot.com"
  },
  "client": [
    {
      "client_info": {
        "mobilesdk_app_id": "1:799794360966:android:cde2067dd2108aa0e3d707",
        "android_client_info": {
          "package_name": "com.hoffhaxx.app.concurs"
        }
      },
      "oauth_client": [
        {
          "client_id": "799794360966-ff0h60ok7tbjlm48tpdo6llk9evnp33o.apps.googleusercontent.com",
          "client_type": 1,
          "android_info": {
            "package_name": "com.hoffhaxx.app.concurs",
            "certificate_hash": "9e75a04bde379500065699f3427af69799155aed"
          }
        },
        {
          "client_id": "799794360966-1fne8p4qm3ohsunt37av62hnketunidf.apps.googleusercontent.com",
          "client_type": 3
        }
      ],
      "api_key": [
        {
          "current_key": "AIzaSyDyWFly0Vmlkycehwb79tCOtYF0Vj4LDEE"
        }
      ],
      "services": {
        "appinvite_service": {
          "other_platform_oauth_client": [
            {
              "client_id": "799794360966-1fne8p4qm3ohsunt37av62hnketunidf.apps.googleusercontent.com",
              "client_type": 3
            }
          ]
        }
      }
    }
  ],
  "configuration_version": "1"
}